alpha,Bias,MSE,n_eff,Rhat
a01,0.00210793536532382,6.56618729202097e-06,479.767986090808,1.00134407869998
a11,0.00688025008502674,7.1408342886795e-05,493.304106374564,1.00132589693697
a20,0.00042666748729963,3.76420592627503e-07,514.48575135679,1.00094346420044
a21,0.010484191439974,0.000173760454994314,481.798436963369,1.00114603467141
