alpha,Bias,MSE,n_eff,Rhat
a01,0.0132475043412911,0.000306754075480702,355.179867701611,1.00243545997821
a11,0.0149087241869777,0.00032906541181571,398.892348102476,1.00210386290685
a20,0.0036265767275643,2.12922366012622e-05,392.592566880135,1.00186999761178
a21,0.0234797388080617,0.00074731631270799,411.131764088019,1.0016338682673
