alpha,Bias,MSE,n_eff,Rhat
a01,0.0290769128483626,0.000972816932695784,354.881105863562,1.00240702513291
a11,0.025690719381629,0.000739896721745477,412.251783579811,1.00203330578219
a20,0.0131661789579509,0.000196189783789763,455.743124101532,1.00188603140527
a21,0.0496932541185371,0.00257627298702134,432.335778985598,1.00167226458744
