alpha,Bias,MSE,n_eff,Rhat
a01,0.00410885434570222,3.77267758758185e-05,435.376187579005,1.0014789606771
a11,0.0109220818558455,0.000181712511322921,467.533676713218,1.00118350251241
a20,0.00109832952439152,2.07411412491791e-06,471.596891791216,1.00151320122393
a21,0.0173751802243086,0.000407066329754675,472.431419277198,1.00143315843423
