alpha,Bias,MSE,n_eff,Rhat
a01,0.0065218663124313,8.12438210779359e-05,395.887850555392,1.00169337186494
a11,0.00920281216371834,0.00013143040170775,426.070881638124,1.00148220358904
a20,0.00120179194053703,3.62936473911624e-06,419.314873545409,1.00198959935774
a21,0.0121586979668139,0.000256012331528894,407.06443001707,1.00199529596211
