alpha,Bias,MSE,n_eff,Rhat
a01,0.00649305497568544,4.27680836324684e-05,476.184294725344,1.00179365843854
a11,0.00802545810915724,0.000106923894263969,483.97195842074,1.00170850696561
a20,0.00056288346825946,3.35664302593423e-07,498.461298145919,1.00064425801094
a21,0.0114609471670327,0.000220049321507397,476.800361988545,1.00083346989771
