alpha,Bias,MSE,n_eff,Rhat
a01,0.0143512298886395,0.000262151710551511,413.130618313265,1.00183184481767
a11,0.0226813853720876,0.000593926340645563,453.921271139856,1.00155173958492
a20,0.00800038782642425,7.57795584303001e-05,481.776375166976,1.00171443190229
a21,0.0467463033701184,0.00232218151153761,459.437649238093,1.00176454887386
