alpha,Bias,MSE,n_eff,Rhat
a01,0.00319704705439482,1.34715626186315e-05,479.328038019944,1.00185756028274
a11,0.023381961011975,0.000641168438778102,460.359907073133,1.00185158245329
a20,0.00119215475734711,1.97146305697864e-06,511.529940172768,1.00139196169446
a21,0.046135175787958,0.00225012461229973,466.008537141111,1.001600683627
