alpha_id,Bias,MSE,n_eff,Rhat
a01,0.00483502493567043,2.89397606580184e-05,165.853967006246,1.00486119369571
a11,0.0213202788817576,0.000553669191750852,156.883776395724,1.00508885385869
a20,0.00277303569748824,8.8591841925356e-06,176.170454517671,1.00527449419293
a21,0.0491220820834189,0.00254103553313262,155.728507798656,1.00562252233665
